Inspection_ID,Section_ID,Inspection_Date,Inspection_Type,Inspector_Name,Inspection_Status,Findings,Follow_Up_Required,WKT_Geometry
INS-001,SEC-001,2026-04-17,Pre-Construction,N. Becker,Passed,No issues noted.,No,POINT (548040.25 5799832.82)
INS-002,SEC-002,2026-03-28,Pre-Construction,K. Fischer,Passed with Comments,See comments / follow-up required.,Yes,POINT (548432.8 5798125.4)
INS-003,SEC-003,2026-06-06,Safety,K. Fischer,Passed,No issues noted.,No,POINT (548595.74 5797296.92)
INS-004,SEC-003,2026-04-08,Progress,P. Lange,Passed,No issues noted.,No,POINT (548660.55 5796920.55)
INS-005,SEC-004,2026-06-21,Safety,K. Fischer,Passed,No issues noted.,No,POINT (548705.96 5796630.52)
INS-006,SEC-005,2026-06-12,Safety,N. Becker,Failed,See comments / follow-up required.,Yes,POINT (548875.12 5795011.07)
INS-007,SEC-006,2026-05-26,Final,K. Fischer,Failed,See comments / follow-up required.,Yes,POINT (548890.62 5793590.52)
INS-008,SEC-006,2026-05-16,Final,P. Lange,Failed,See comments / follow-up required.,Yes,POINT (548898.92 5794313.14)
INS-009,SEC-007,2026-05-19,Safety,N. Becker,Passed,No issues noted.,No,POINT (548817.36 5792516.66)
INS-010,SEC-007,2026-05-19,Safety,P. Lange,Passed,No issues noted.,No,POINT (548809.91 5792444.22)
INS-011,SEC-008,2026-07-03,Progress,P. Lange,Passed with Comments,See comments / follow-up required.,Yes,POINT (548793.81 5792296.95)
INS-012,SEC-009,2026-07-25,Final,N. Becker,Passed with Comments,See comments / follow-up required.,Yes,POINT (548611.5 5791052.21)
INS-013,SEC-010,2026-08-15,Safety,P. Lange,Passed,No issues noted.,No,POINT (548227.89 5789217.44)
INS-014,SEC-011,2026-07-02,Progress,P. Lange,Pending,See comments / follow-up required.,No,POINT (547983.82 5788193.7)
INS-015,SEC-012,2026-07-12,Progress,P. Lange,Passed with Comments,See comments / follow-up required.,Yes,POINT (547936.1 5787995.34)
INS-016,SEC-013,2026-08-21,Final,N. Becker,Passed,No issues noted.,No,POINT (547567.3 5786386.78)
INS-017,SEC-013,2026-07-15,Environmental,P. Lange,Passed,No issues noted.,No,POINT (547594.07 5786512.39)
INS-018,SEC-014,2026-08-30,Final,K. Fischer,Passed with Comments,See comments / follow-up required.,Yes,POINT (547470.87 5785912.39)
INS-019,SEC-016,2026-10-01,Pre-Construction,K. Fischer,Passed,No issues noted.,No,POINT (547121.21 5783204.19)
INS-020,SEC-016,2026-08-27,Final,N. Becker,Passed,No issues noted.,No,POINT (547104.85 5782779.34)
INS-021,SEC-017,2026-08-23,Pre-Construction,P. Lange,Passed,No issues noted.,No,POINT (547100.59 5782255.83)
INS-022,SEC-019,2026-09-20,Safety,P. Lange,Passed,No issues noted.,No,POINT (547304.29 5779823.37)
INS-023,SEC-021,2026-10-27,Progress,P. Lange,Passed with Comments,See comments / follow-up required.,Yes,POINT (547790.37 5777400.18)
INS-024,SEC-022,2026-11-18,Environmental,N. Becker,Passed with Comments,See comments / follow-up required.,Yes,POINT (547855.02 5777126.29)
INS-025,SEC-023,2026-10-30,Pre-Construction,P. Lange,Passed,No issues noted.,No,POINT (548136.73 5775951.85)
INS-026,SEC-024,2026-12-24,Progress,K. Fischer,Passed,No issues noted.,No,POINT (548368.71 5774944.46)
INS-027,SEC-011,2026-11-30,Final,K. Fischer,Passed,No issues noted.,No,POINT (548552.01 5774054.44)
