Issue_ID,Section_ID,Issue_Type,Issue_Severity,Description,Date_Reported,Responsible_Person,Status,Date_Resolved,WKT_Geometry
ISS-001,SEC-025,Safety,Critical,Delay issue identified during routine works.,2027-01-02,,Open,,POINT (548662.05 5773433.14)
ISS-002,SEC-006,Design Conflict,Low,Delay issue identified during routine works.,2026-05-25,L. Ahrens,Open,,POINT (548898.57 5794341.39)
ISS-003,SEC-017,Design Conflict,Low,Quality Defect issue identified during routine works.,2026-10-20,F. Nowak,In Progress,,POINT (547117.0 5781663.78)
ISS-004,SEC-004,Delay,Critical,Access issue identified during routine works.,2026-05-29,F. Nowak,In Progress,,POINT (548728.75 5796473.74)
ISS-005,SEC-021,Design Conflict,High,Utility Clash issue identified during routine works.,2026-11-12,F. Nowak,Resolved,2026-11-28,POINT (547736.96 5777630.02)
ISS-006,SEC-010,Environmental,Medium,Quality Defect issue identified during routine works.,2026-07-17,F. Nowak,Open,,POINT (548411.93 5790037.33)
ISS-007,SEC-023,Utility Clash,Low,Delay issue identified during routine works.,2026-10-19,D. Krause,In Progress,,POINT (548069.66 5776232.23)
ISS-008,SEC-007,Environmental,Low,Access issue identified during routine works.,2026-06-04,R. Schmitt,Resolved,2026-06-21,POINT (548884.83 5793443.47)
ISS-009,SEC-005,Access,Low,Design Conflict issue identified during routine works.,2026-06-14,D. Krause,Closed,2026-06-22,POINT (548847.13 5795417.56)
ISS-010,SEC-012,Access,Medium,Utility Clash issue identified during routine works.,2026-08-22,L. Ahrens,Open,,POINT (547856.5 5787662.54)
ISS-011,SEC-013,Environmental,Low,Quality Defect issue identified during routine works.,2026-08-16,R. Schmitt,Open,,POINT (547614.14 5786605.17)
ISS-012,SEC-003,Utility Clash,Low,Design Conflict issue identified during routine works.,2026-04-18,L. Ahrens,Resolved,2026-05-04,POINT (548521.88 5797688.6)
ISS-013,SEC-009,Delay,Critical,Delay issue identified during routine works.,2026-08-02,F. Nowak,Open,,POINT (548654.8 5791305.36)
ISS-014,SEC-015,Utility Clash,High,Environmental issue identified during routine works.,2026-09-24,R. Schmitt,Closed,2026-10-02,POINT (547266.44 5784700.38)
ISS-015,SEC-001,Access,Low,Access issue identified during routine works.,2026-04-24,R. Schmitt,Resolved,2026-05-10,POINT (548000.56 5799997.67)
