Section_ID,Route_ID,Section_Name,Chainage_Start_km,Chainage_End_km,Length_m,Status,Contractor_ID,Planned_Start,Planned_End,Actual_Start,Actual_End,Completion_Percent,Construction_Method,Responsible_Person,Last_Update,WKT_Geometry
SEC-001,ROUTE-01,Section 01,0.0,1.08,1080.0,In Progress,CTR-01,2026-03-01,2026-04-15,2026-03-02,,20,Open Cut,R. Schmitt,2026-03-23,"LINESTRING (548000.0 5800000.0, 548129.61 5799460.0, 548256.52 5798920.0)"
SEC-002,ROUTE-01,Section 02,1.08,2.16,1080.0,In Progress,CTR-01,2026-03-11,2026-04-25,2026-03-12,,39,Open Cut,D. Krause,2026-03-18,"LINESTRING (548256.52 5798920.0, 548378.08 5798380.0, 548491.75 5797840.0)"
SEC-003,ROUTE-01,Section 03,2.16,3.24,1080.0,Completed,CTR-01,2026-03-21,2026-05-05,2026-03-19,2026-03-09,100,Open Cut,D. Krause,2026-05-15,"LINESTRING (548491.75 5797840.0, 548595.18 5797300.0, 548686.2 5796760.0)"
SEC-004,ROUTE-01,Section 04,3.24,4.32,1080.0,Delayed,CTR-01,2026-03-31,2026-05-15,2026-04-16,,130,Open Cut,R. Schmitt,2026-05-05,"LINESTRING (548686.2 5796760.0, 548762.91 5796220.0, 548823.72 5795680.0)"
SEC-005,ROUTE-01,Section 05,4.32,5.4,1080.0,Delayed,CTR-01,2026-04-10,2026-05-25,2026-04-18,,29,Open Cut,D. Krause,2026-06-03,"LINESTRING (548823.72 5795680.0, 548867.35 5795140.0, 548892.9 5794600.0)"
SEC-006,ROUTE-01,Section 06,5.4,6.48,1080.0,Completed,CTR-01,2026-04-20,2026-06-04,2026-04-22,2026-06-05,85,Trenchless (Pipe Jacking),L. Ahrens,2026-04-23,"LINESTRING (548892.9 5794600.0, 548899.84 5794060.0, 548888.02 5793520.0)"
SEC-007,ROUTE-01,Section 07,6.48,7.56,1080.0,Completed,CTR-01,2026-04-30,2026-06-14,2026-04-30,2026-06-18,100,Open Cut,F. Nowak,2026-06-25,"LINESTRING (548888.02 5793520.0, 548857.68 5792980.0, 548809.46 5792440.0)"
SEC-008,ROUTE-01,Section 08,7.56,8.64,1080.0,In Progress,,2026-05-10,2026-06-24,2026-05-08,,68,HDD,R. Schmitt,2026-06-20,"LINESTRING (548809.46 5792440.0, 548744.37 5791900.0, 548663.76 5791360.0)"
SEC-009,ROUTE-01,Section 09,8.64,9.72,1080.0,In Progress,CTR-02,2026-05-20,2026-07-04,2026-05-22,,40,HDD,D. Krause,2026-06-03,"LINESTRING (548663.76 5791360.0, 548569.31 5790820.0, 548463.0 5790280.0)"
SEC-010,ROUTE-01,Section 10,9.72,10.8,1080.0,Delayed,CTR-02,2026-05-30,2026-07-14,2026-06-12,,9,Trenchless (Pipe Jacking),F. Nowak,2026-07-04,"LINESTRING (548463.0 5790280.0, 548347.03 5789740.0, 548223.82 5789200.0)"
SEC-011,ROUTE-01,Section 11,10.8,11.88,1080.0,In Progress,CTR-02,2026-06-09,2026-07-24,2026-06-09,,40,HDD,R. Schmitt,2026-06-27,"LINESTRING (548223.82 5789200.0, 548095.95 5788660.0, 547966.08 5788120.0)"
SEC-012,ROUTE-01,Section 12,11.88,12.96,1080.0,In Progress,CTR-02,2026-06-19,2026-08-03,2026-06-24,,48,Trenchless (Pipe Jacking),D. Krause,2026-08-12,"LINESTRING (547966.08 5788120.0, 547836.91 5787580.0, 547711.15 5787040.0)"
SEC-013,ROUTE-01,Section 13,12.96,14.04,1080.0,Completed,CTR-02,2026-06-29,2026-08-13,2026-06-26,2026-08-15,100,Open Cut,D. Krause,2026-07-25,"LINESTRING (547711.15 5787040.0, 547591.41 5786500.0, 547480.18 5785960.0)"
SEC-014,ROUTE-01,Section 14,14.04,15.12,1080.0,In Progress,CTR-02,2026-07-09,2026-08-23,2026-07-10,,28,Open Cut,D. Krause,2026-07-23,"LINESTRING (547480.18 5785960.0, 547379.8 5785420.0, 547292.34 5784880.0)"
SEC-015,ROUTE-01,Section 15,15.12,16.2,1080.0,Not Started,CTR-03,2026-07-19,2026-09-02,,,0,Trenchless (Pipe Jacking),R. Schmitt,2026-08-14,"LINESTRING (547292.34 5784880.0, 547219.64 5784340.0, 547163.2 5783800.0)"
SEC-016,ROUTE-01,Section 16,16.2,17.28,1080.0,Paused,CTR-03,2026-07-29,2026-09-12,2026-08-02,,38,HDD,F. Nowak,2026-08-14,"LINESTRING (547163.2 5783800.0, 547124.21 5783260.0, 547103.48 5782720.0)"
SEC-017,ROUTE-01,Section 17,17.28,18.36,1080.0,Completed,CTR-03,2026-08-08,2026-09-22,2026-08-13,2026-09-25,100,Trenchless (Pipe Jacking),R. Schmitt,2026-10-05,"LINESTRING (547103.48 5782720.0, 547101.44 5782180.0, 547118.13 5781640.0)"
SEC-018,ROUTE-01,Section 18,18.36,19.44,1080.0,Not Started,CTR-03,2026-08-18,2026-10-02,,,0,Trenchless (Pipe Jacking),R. Schmitt,2026-09-11,"LINESTRING (547118.13 5781640.0, 547153.21 5781100.0, 547205.94 5780560.0)"
SEC-019,ROUTE-01,Section 19,19.44,20.52,1080.0,Completed,CTR-03,2026-08-28,2026-10-12,2026-08-28,2026-10-11,100,Trenchless (Pipe Jacking),R. Schmitt,2026-09-03,"LINESTRING (547205.94 5780560.0, 547275.22 5780020.0, 547359.62 5779480.0)"
SEC-020,ROUTE-01,Section 20,20.52,21.6,1080.0,Not Started,CTR-03,2026-09-07,2026-10-22,,,0,Open Cut,L. Ahrens,2026-09-17,"LINESTRING (547359.62 5779480.0, 547457.36 5778940.0, 547566.42 5778400.0)"
SEC-021,ROUTE-01,Section 21,21.6,22.68,1080.0,Completed,CTR-05,2026-09-17,2026-11-01,2026-09-16,2026-11-09,100,Trenchless (Pipe Jacking),L. Ahrens,2026-10-12,"LINESTRING (547566.42 5778400.0, 547684.52 5777860.0, 547809.19 5777320.0)"
SEC-022,ROUTE-01,Section 22,22.68,23.76,1080.0,Completed,CTR-05,2026-09-27,2026-11-11,2026-09-30,2026-11-20,100,Trenchless (Pipe Jacking),D. Krause,2026-11-02,"LINESTRING (547809.19 5777320.0, 547937.85 5776780.0, 548067.79 5776240.0)"
SEC-023,ROUTE-01,Section 23,23.76,24.84,1080.0,Completed,CTR-05,2026-10-07,2026-11-21,2026-10-04,2026-11-19,100,Trenchless (Pipe Jacking),D. Krause,2026-11-26,"LINESTRING (548067.79 5776240.0, 548196.33 5775700.0, 548320.77 5775160.0)"
SEC-024,ROUTE-01,Section 24,24.84,25.92,1080.0,Completed,CTR-05,2026-10-17,2026-12-01,2026-10-19,2026-11-29,100,HDD,R. Schmitt,2026-10-28,"LINESTRING (548320.77 5775160.0, 548438.53 5774620.0, 548547.14 5774080.0)"
SEC-011,ROUTE-01,Section 25,25.92,27.0,1080.0,Delayed,CTR-05,2026-10-27,2026-12-11,2026-11-15,,5,Trenchless (Pipe Jacking),D. Krause,2026-11-29,"LINESTRING (548547.14 5774080.0, 548644.34 5773540.0, 548728.12 5773000.0)"
